Predictor,Cognitive Function
Degree Original,0.3740634361349197
Emotional Struggle,-0.0275611114047215
Income Original,0.03267511080524539
Social Struggle,0.00742450500110187
Social Support,0.06034043964218431
Status Label[T.Late Peri],0.03253368640777783
Status Label[T.Post-Menopause],0.012396648942763511
Status Label[T.Pre-Menopause],0.0735530280038847
Status Label[T.Surgical],-0.10308936872001942
Symptom Severity,-0.015355667105148692
Visit,0.015099400928918705
