Menopausal Stage,Number of Cold Sweats,Sample Size
Pre-menopause,-0.06693073261738902,527
Early Peri,0.01608656811459669,1900
Late Peri,-0.005007447749183672,458
Post-menopause,-0.0013842015233535784,1773
Surgical,0.026635540962429136,355
