Menopausal Stage,Number of Night Sweats,Sample Size
Pre-menopause,-0.04373299138700973,1598
Early Peri,-0.014339741821780046,4869
Late Peri,0.003652202458851089,1032
Post-menopause,0.012890306123967708,4385
Surgical,0.11799770858180723,673
